"hosun","name","avgprice","gongsil","size_under","size_over","yn","역번호","승차","하차","address","lon","lat"
"1호선","동대문",177989.487516426,0,1,0,0,155,10458.7894736842,10807.4276315789,"서울특별시 종로구 창신동 492-1 1호선 동대문역",127.0111694,37.5717429
"1호선","서울",289725.040783134,0,1,2,0,150,37159.8289473684,35122.0855263158,"서울특별시 중구 봉래동2가 122 서울역",126.9697484,37.5577857
"1호선","시청",72220.7175925926,0.5,4,2,1,151,17534.0394736842,17676.6710526316,"서울특별시 중구 정동 5-5 시청역",126.9768616,37.5657037
"1호선","제기동",220262.262230502,0,1,1,0,157,14902.8815789474,15280.9671052632,"서울특별시 동대문구 제기동 65 제기동역",127.0345907,37.5781758
"1호선","종각",252905.088584315,0,5,2,0,152,30799.0657894737,29835.125,"서울특별시 종로구 종로1가 54 종각지하철역사",126.983116,37.570178
"1호선","종로3가",158744.869969428,0,4,1,0,153,23817.9736842105,22568.6644736842,"서울특별시 종로3가 10-5  1호선 종로3가역",126.99219,37.570432
"1호선","종로5가",222524.7146007,0,1,1,0,154,19208.2565789474,19256.8355263158,"서울특별시 종로구 종로5가 82-1 1호선 종로5가역",127.0023506,37.5708307
"2호선","강남",684535.591206183,0.143,5,2,0,222,75417.5592105263,76709.6118421053,"서울특별시 강남구 역삼동 858 강남역",127.0281681,37.4970172
"2호선","강변",425837.250250585,0,0,2,0,214,29986.6776315789,29621.2894736842,"서울특별시 광진구 구의동 546-6 2호선 강변역",127.094689,37.535152
"2호선","건대입구",198997.489639136,0.091,6,5,0,212,31716.0131578947,34452.1184210526,"서울특별시 광진구 화양동 7-3 2호선 건대입구역",127.069253,37.540397
"2호선","교대",253336.738817295,0.25,7,1,1,223,27342.7697368421,30791.75,"서울특별시 서초구 서초동 1748-4 교대역",127.0172856,37.4948466
"2호선","구로디지털",464271.608332794,0.5,2,2,1,232,50028.4736842105,50068.3157894737,"서울특별시 구로구 구로동 810-3 구로디지털단지역",126.90122,37.4849804
"2호선","구의",113183.748047165,0,4,1,0,213,19917.1052631579,19360.5657894737,"서울특별시 광진구 구의동 245-24 2호선 구의역",127.0907553,37.5382826
"2호선","낙성대",121097.541346487,0.25,3,1,1,227,23323.9473684211,22358.8355263158,"서울특별시 관악구 봉천동 1693-39 2호선 낙성대역사",126.95999,37.4711007
"2호선","당산",167611.057432183,0.167,4,2,0,237,16271.625,18571.6381578947,"서울특별시 영등포구 당산동 6가 323-1 당산역",126.9027301,37.5349309
"2호선","대림",415855.655654843,0.222,8,1,0,233,21462.7828947368,21848.5197368421,"서울특별시 구로구 구로동 1204 대림역",126.8949615,37.4925043
"2호선","동대문역사문화공원",387302.796031879,0.714,5,2,1,205,11685.5789473684,13064.2105263158,"서울특별시 중구 을지로 7가 112-3 동대문역사문화공원역",127.0084849,37.5657177
"2호선","뚝섬",83072.3050982312,0.2,5,0,0,210,16222.7171052632,17328.5789473684,"서울특별시 성동구 성수동1가 656-745 뚝섬역",127.0473802,37.5471773
"2호선","문래",125282.640104298,0.25,3,1,1,235,16443.8421052632,16820.25,"서울특별시 영등포구 문래동3가 68-1문래역",126.8947513,37.5178873
"2호선","방배",112568.522226094,0.167,6,0,0,225,13579.4013157895,13994.0592105263,"서울특별시 서초구 방배동 912-14 방배역",126.9973202,37.4812965
"2호선","봉천",147341.048744615,0,2,0,0,229,20455.8684210526,18902.2763157895,"서울툭별시 관악구 봉천동 979-7 2호선 봉천역사",126.941574,37.482476
"2호선","사당",347583.763394817,0.25,9,3,1,226,32542.2368421053,35624.9671052632,"서울특별시 동작구 사당동 1129 사당역",126.9813957,37.4764838
"2호선","삼성",361732.883954533,0,0,1,0,219,41300.5460526316,42165.75,"서울특별시 강남구 삼성동 172-66 삼성역",127.0630673,37.5088263
"2호선","상왕십리",184416.645910616,0.333,2,1,1,207,11322.9276315789,10840.4276315789,"서울특별시 성동구 하왕십리동 946-14 상왕십리역",127.02986,37.56408
"2호선","서울대입구",317294.565960355,0.667,3,0,1,228,41196.0986842105,40120.6973684211,"서울특별시 관악구 봉천동 979-2 서울대입구역사",126.9526344,37.4811133
"2호선","서초",198775.388282022,0,7,0,0,224,17055.6973684211,16835.25,"서울특별시 서초구 서초동 1748-5 서초역",127.0105414,37.4927648
"2호선","선릉",321077.985405269,0.2,13,2,0,220,43968.8684210526,39275.3157894737,"서울특별시 강남구 삼성동 172-66 선릉역",127.0630673,37.5088263
"2호선","성수",168735.831993696,0.286,7,0,1,211,25571.6513157895,28018.5394736842,"서울특별시 성동구 성수동2가 300-1 성수역",127.05709,37.54444
"2호선","시청",106506.849315068,0,1,0,0,201,18663.4736842105,18265.6447368421,"서울특별시 중구 서소문동 90-1 시청역",126.9755029,37.5635313
"2호선","신당",46338.7927861612,0,2,0,0,206,11715.2302631579,12121.8881578947,"서울특별시 중구 신당동 99 신당역",127.0166395,37.5652813
"2호선","신대방",121892.867349548,0,1,1,0,231,22889.4934210526,21890.8881578947,"서울특별시 동작구 신대방동 643-1 신대방역 2호선",127.0174271,37.4876872
"2호선","신도림",298210.352096959,0.083,7,5,0,234,42868.0328947368,42329.5657894737,"서울특별시 구로구 신도림동 460-26 2호선 신도림역",126.8912091,37.5088341
"2호선","신림",440855.006868132,0.2,5,0,0,230,55908.1644736842,54035.9210526316,"서울특별시 관악구 신림동 1467-10 2호선 신림역사",126.929676,37.484269
"2호선","신정네거리",60998.8692579505,0,0,1,0,249,7795.49342105263,8058.99342105263,"서울특별시 양천구 신정동 1231 신정네거리역",126.8535941,37.5183163
"2호선","신촌",761690.488681457,0.444,7,2,1,240,30967.0986842105,31903.8092105263,"서울특별시 마포구 노고산동 31-11 신촌역",126.9368898,37.5551357
"2호선","아현",65248.0928811504,0.4,3,2,1,242,7958.78947368421,7628.125,"서울특별시 마포구 아현동 354-23 아현역",126.9556609,37.5558896
"2호선","양천구청",74163.2543514632,0,2,0,0,248,5532.44736842105,5766.30921052632,"서울특별시 양천구 신정동 276-7 양천구청역",126.865649,37.512332
"2호선","역삼",201027.030782373,0.2,8,2,0,221,38375.7302631579,42474.0131578947,"서울특별시 강남구 역삼동 804 역삼역",127.028303,37.4981284
"2호선","영등포구청",696131.69260662,0,7,0,0,236,18160.5,18452.0065789474,"서울특별시 영등포구 당산동3가 270-1 영등포구청역",126.8959946,37.5248203
"2호선","왕십리",112454.467885673,0.111,7,2,0,208,14098.3421052632,11956.5460526316,"서울특별시 성동구 행당동 192 왕십리역",127.0372276,37.5622586
"2호선","을지로3가",56050.6157887973,0.222,9,0,0,203,17002.4210526316,17044.8092105263,"서울특별시 중구 을지로3가 347-3 을지로3가역",126.99011,37.56612
"2호선","을지로4가",47620.5485951868,0.429,6,1,1,204,10282.9802631579,10244.6907894737,"서울특별시 중구 을지로4가 267-1 을지로4가역",126.997631,37.56662
"2호선","을지로입구",417813.295784505,0.222,13,5,0,202,33353.9736842105,33934.6184210526,"서울특별시 중구 을지로1가 100-1 을지로입구역",126.982679,37.566065
"2호선","이대",414434.069088303,0.333,5,1,1,241,10673.1381578947,11129.9013157895,"서울특별시 마포구 염리동 8-85 이대역",126.9477118,37.5568129
"2호선","잠실",418889.387971088,0.091,14,8,0,216,59564.7434210526,57677.6052631579,"서울특별시 송파구 잠실동 8 잠실역",127.0746594,37.5176605
"2호선","잠실나루",136672.371149653,0.375,5,3,1,215,11512.6578947368,11151.8223684211,"서울특별시 송파구 신천동 15 잠실나루역",127.103839,37.520669
"2호선","잠실새내",253600.512110016,0,2,0,0,217,17709.9276315789,18045.5526315789,"서울특별시 송파구 잠실동 33 잠실새내역",127.085602,37.511632
"2호선","종합운동장",160558.008461637,0.25,2,2,1,218,6280.73684210526,6812.46710526316,"서울특별시 송파구 잠실동 122 종합운동장역",127.0742826,37.5110736
"2호선","충정로",241990.769099881,0,3,0,0,243,8298.19078947369,8717.86184210526,"서울특별시 서대문구 충정로3가 319-1 충정로역",126.9636999,37.5608774
"2호선","한양대",119158.576689404,0,2,2,0,209,5754.78289473684,6238.13815789474,"서울특별시 성동구 행당동 산17 17 한양대역",127.0436859,37.5555961
"2호선","합정",193137.662318316,0,11,3,0,238,26422.9868421053,28102.5657894737,"서울특별시 마포구 서교동 393 합정역",126.9147817,37.5505079
"2호선","홍대입구",393505.608297774,0.625,6,2,1,239,51332.8223684211,54796.9539473684,"서울특별시 마포구 동교동 165 홍대입구역",126.92415,37.55692
"3호선","경찰병원",16753.7057885355,0,0,2,0,341,6091.09210526316,6076.99342105263,"서울특별시 송파구 가락동 10-15 경찰병원역",127.124206,37.495701
"3호선","고속터미널",393014.037880042,0.024,37,4,0,329,38142.9934210526,37627.4210526316,"서울특별시 서초구 반포동 19-11 고속터미널역",127.0049178,37.5047736
"3호선","교대",22095.3685163193,0.182,0,11,0,330,11106.5328947368,7299.79605263158,"서울특별시 서초구 서초동 1748-4 교대역",127.0172856,37.4948466
"3호선","금호",45085.2292274904,0,4,1,0,324,6899.0197368421,6420.82894736842,"서울특별시 성동구 금호동4가 1470 금호역",127.0158826,37.5480381
"3호선","녹번",24986.79024448,0.4,4,1,1,313,11125.9539473684,9851.54605263158,"서울특별시 은평구 녹번동 55 지하철3호선 녹번역",126.9357503,37.6009184
"3호선","대청",94573.4686208192,0.5,2,0,1,337,7702.71710526316,7062.28289473684,"서울특별시 강남구 일원동 700-9 대청역",127.07995,37.49364
"3호선","도곡",48416.508513256,0,4,0,0,334,4175.09868421053,4225.21710526316,"서울특별시 강남구 도곡동 339-2 도곡역",127.0553064,37.4908245
"3호선","동대입구",27242.6085756119,0.222,4,5,0,322,6623.16447368421,7236.75657894737,"서울특별시 중구 장충동2가 199-3 동대입구역 3호선",127.005064,37.5591753
"3호선","매봉",139184.309098743,0.25,4,0,1,333,8929.25,8562.38815789474,"서울특별시 강남구 도곡동 179-2 매봉역",127.046918,37.487035
"3호선","불광",216172.187550563,0.667,6,3,1,312,13950.7368421053,15252.9539473684,"서울특별시 은평구 대조동 14-1 불광역",126.9292884,37.6104829
"3호선","수서",141886.73744569,0,8,1,0,339,13845.8618421053,13897.7960526316,"서울특별시 강남구 수서동 728 수서역",127.1018416,37.4873499
"3호선","신사",213854.564722479,0.267,14,1,1,327,25427.7434210526,27221.4276315789,"서울특별시 강남구 신사동 667 신사역",127.0203073,37.5163915
"3호선","안국",49232.5491927213,0.1,9,1,0,318,16056.7236842105,16952.9276315789,"서울특별시 종로구 안국동 155-2 3호선 안국역",126.985472,37.576556
"3호선","압구정",419298.050837838,0.25,3,1,1,326,25623.1447368421,27575.9802631579,"서울특별시 강남구 신사동 668 압구정역",127.0252724,37.5226879
"3호선","약수",257157.998066932,0,2,0,0,323,10955.4671052632,10647.9934210526,"서울특별시 중구 신당동 369-44 약수역",127.0110164,37.5543795
"3호선","양재",177205.203778698,0.25,4,4,1,332,30421.7434210526,32800.9868421053,"서울특별시 서초구 서초동 1366-9 양재역",127.0341755,37.4843603
"3호선","연신내",108177.166933847,0.111,5,4,0,311,33173.9210526316,31470.2434210526,"서울특별시 은평구 갈현동 397 연신내역",126.9211376,37.6191237
"3호선","옥수",121551.516011653,0,2,2,0,325,7704.63157894737,7911.3947368421,"서울특별시 성동구 옥수동 168-1 옥수역",127.0172208,37.5398948
"3호선","을지로3가",117301.693404635,0,3,0,0,320,8431.88815789474,8890.30263157895,"서울특별시 중구 을지로3가 282-8 을지로3가역",126.9922315,37.5664007
"3호선","일원",122973.504278008,0.333,0,6,1,338,7220.61184210526,7147.82894736842,"서울특별시 강남구 일원동 717 일원역",127.0844127,37.4839534
"3호선","종로3가",286447.603120874,0.333,6,3,1,319,8328.59868421053,10050.7236842105,"서울특별시 종로구 묘동 59 종로3가역",126.99219,37.570432
"3호선","홍제",30456.7875778939,0.333,8,1,1,314,14692.2039473684,13929.6710526316,"서울특별시 서대문구 홍제동 161-1 홍제역",126.9458373,37.5872664
"4호선","길음",167944.685628743,0,1,1,0,417,16808.7960526316,15976.5723684211,"서울특별시 성북구 길음동 877-66 길음역",127.0249647,37.6032254
"4호선","당고개",34700.441814407,0.143,5,2,0,409,10903.5592105263,10155.5065789474,"서울특별시 노원구 상계동 111 당고개역",127.07944,37.67052
"4호선","동대문",157192.502468659,0.167,10,2,0,421,17117.3552631579,17481.2368421053,"서울특별시 종로구 종로6가 287-1 동대문역",127.009529,37.5703848
"4호선","동대문역사문화공원",128119.350811486,0.5,4,2,1,422,14241.5723684211,13162.2236842105,"서울특별시 중구 광희동2가 9 동대문역사문화공원역",127.0071588,37.5644784
"4호선","동작",193357.558139535,0.333,3,0,1,431,2423.40131578947,2726.82236842105,"서울특별시 동작구 동작동 327-1 4호선 동작역",126.980384,37.502825
"4호선","미아사거리",184756.961809922,0.211,16,3,0,416,24315.4671052632,23598.1118421053,"서울특별시 강북구 미아동 66-1 미아사거리역",127.0300461,37.6151041
"4호선","미아",134133.42400544,0,1,0,0,415,13030.0197368421,12360.9407894737,"서울특별시 강북구 미아동 194-1 미아역",127.02615,37.626402
"4호선","사당",156511.309224555,0.184,28,10,0,433,21678.4407894737,18774.9407894737,"서울특별시 동작구 사당동 588-4 사당역",126.9815833,37.4768251
"4호선","상계",110385.348287051,0.4,6,4,1,410,16445.2960526316,14972.0592105263,"서울특별시 노원구 상계동 156-203 상계역",127.0735256,37.6610953
"4호선","서울",72497.3639982309,0,2,0,0,426,9575.67763157895,14520.8684210526,NA,NA,NA
"4호선","성신여대입구",111562.52460681,0.167,6,0,0,418,17296.5592105263,16521.3421052632,"서울특별시 성북구 동선동4가 1 성신여대입구역",127.01648,37.59302
"4호선","수유",253451.30920871,0.143,7,0,0,414,30000.9078947368,29723.4736842105,"서울특별시 강북구 수유동 140 수유역",127.0272077,37.6397753
"4호선","숙대입구",156186.937123027,0,2,0,0,427,10994.875,10807.6184210526,"서울특별시 용산구 갈월동 16-7 숙대입구역",126.971987,37.545097
"4호선","신용산",79202.1480978106,0.273,11,0,1,429,12466.9802631579,12995.3618421053,"서울특별시 용산구 한강로2가 181 4호선 신용산역",126.967886,37.529187
"4호선","쌍문",175654.117924231,0.4,5,0,1,413,25850.9276315789,23265.4473684211,"서울특별시 도봉구 창동 703-4 쌍문역",127.0368132,37.652819
"4호선","이촌",54041.9147432878,0,2,0,0,430,5897.65131578947,6641.83552631579,"서울특별시 용산구 용산동5가 17-112 4호선 이촌역",126.9747217,37.5222735
"4호선","창동",240114.192088105,0,2,1,0,412,22615.5328947368,24009.0986842105,"서울특별시 도봉구 창동 135-1 창동역",127.0481139,37.6531856
"4호선","총신대입구",173299.944810777,0.421,18,1,1,432,16496.9276315789,18086.2763157895,"서울특별시 동작구 사당동 736-1 총신대역4호선",126.981876,37.486491
"4호선","충무로",256130.060137484,0.2,5,0,0,423,21834.0394736842,22606.9605263158,"서울특별시 중구 필동2가 16-2 충무로역",126.994398,37.5611591
"4호선","한성대입구",134193.760582402,0,1,1,0,419,11235.4013157895,10966.1381578947,"서울특별시 성북구 삼선동1가 14 한성대입구역",127.0057966,37.5880209
"4호선","회현",141908.005308513,0,2,1,0,425,19840.7171052632,21146.1644736842,"서울특별시 중구 남창동 64-1 회현역 4호선",126.9757315,37.5582441
"5호선","강동",233199.246228102,0,7,3,0,2549,16838.8157894737,14786,"서울특별시 강동구 천호동 447 강동역",127.1340676,37.5356924
"5호선","개롱",157906,0,0,1,0,2559,5197.11184210526,5371.2302631579,"서울특별시 송파구 오금동 165-2 개롱역",127.135763,37.4979912
"5호선","개화산",136171.733333333,0,1,0,0,2512,4621.98684210526,4444.02631578947,"서울특별시 강서구 방화동 846 개화산역",126.806839,37.572455
"5호선","거여",157341.54589372,0,1,0,0,2560,6178.36842105263,5799.23684210526,"서울특별시 송파구 거여동 20-14 거여역",127.143597,37.493422
"5호선","고덕",121479.154766194,0,1,1,0,2553,6940.32236842105,6985.13815789474,"서울특별시 강동구 고덕동 310 고덕역",127.1538766,37.5556248
"5호선","공덕",100386.854035572,0,17,12,0,2530,10951.3684210526,11794.6973684211,"서울특별시 마포구 공덕동 423-29 공덕역",126.9601939,37.5500918
"5호선","광나루",129911.41360165,0.25,1,3,1,2547,10947.8289473684,9926.67763157895,"서울특별시 광진구 광장동 237 광나루역",127.1036523,37.5454285
"5호선","광화문",172471.533872173,0.2,2,3,0,2534,25168.4539473684,26345.9671052632,"서울특별시 종로구 세종로 1-90 광화문역",126.976177,37.5696765
"5호선","군자",56982.6991823397,0,1,3,0,2545,9271.36184210526,10159.6644736842,"서울특별시 광진구 능동 275-5 군자역",127.079719,37.5569984
"5호선","굽은다리",111207.457962067,0,3,2,0,2551,7494.8947368421,7049.48684210526,"서울특별시 강동구 명일동 345-12 굽은다리역",127.14283,37.54619
"5호선","길동",160792.614707731,0,1,0,0,2550,6149.57236842105,6470.59868421053,"서울특별시 강동구 길동 378 길동역",127.1402046,37.5383746
"5호선","김포공항",115084.983985479,0.154,5,8,0,2513,5691.19736842105,5391.76315789474,"서울특별시 강서구 방화동 886 김포공항역",126.8025118,37.5667733
"5호선","까치산",362177.032375683,0.222,7,2,0,2519,24723.7368421053,23522.0723684211,"서울특별시 강서구 화곡동 662-5 까치산역",126.8463214,37.5325506
"5호선","답십리",87977.0087608426,0,2,5,0,2543,13747.3223684211,12668.0657894737,"서울특별시 성동구 용답동 99 답십리역",127.0526017,37.5668422
"5호선","둔촌동",138562.089767685,0.25,4,0,1,2555,6832.90789473684,6883.24342105263,"서울특별시 강동구 둔촌동 416 둔촌동역",127.13667,37.52802
"5호선","마장",145375.533333333,0,1,0,0,2542,4712.66447368421,4492.73684210526,"서울특별시 성동구 마장동 772 마장역",127.0429223,37.5660505
"5호선","마천",141161.766666667,0,1,0,0,2561,4338.93421052632,4383.24342105263,"서울특별시 송파구 마천동 307-4 마천역",127.1521944,37.4946944
"5호선","마포",131305.853241178,0,3,2,0,2529,11114.7434210526,11443.5986842105,"서울특별시 마포구 도화동 160 마포역",126.9459616,37.5397244
"5호선","명일",103058.479657866,0.25,3,1,1,2552,6652.07894736842,6845.97368421053,"서울특별시 강동구 명일동 312 명일역",127.1439955,37.5513169
"5호선","목동",212318.028549883,0.167,6,0,0,2521,14168.9078947368,15375.8684210526,"서울특별시 양천구 목동 926-3 목동역",126.8654311,37.52606
"5호선","발산",178400.035627703,0,4,2,0,2516,15250.5460526316,15730.6381578947,"서울특별시 강서구 가양동 967-3 발산역",126.837595,37.558683
"5호선","방이",159889.364035088,0.5,1,1,1,2557,5764.71052631579,5885.34868421053,"서울특별시 송파구 방이동 217-2 방이역",127.1256705,37.50828
"5호선","방화",160567.333333333,0.667,2,1,1,2511,5680.75,5387.09210526316,"서울특별시 강서구 방화동 829-15 방화역",126.8126263,37.5772156
"5호선","상일동",103888.375854686,0,3,0,0,2554,13726.7039473684,11821.3223684211,"서울특별시 강동구 상일동 148 상일동역",127.1568023,37.5528183
"5호선","서대문",80643.4540920005,0.1,9,1,0,2533,13605.3552631579,13934.1447368421,"서울특별시 종로구 평동 210 서대문역",126.9669625,37.5661698
"5호선","송정",82202.1005041606,0,3,3,0,2514,5937.67763157895,5529.46052631579,"서울특별시 강서구 공항동 29-5 송정역",126.810935,37.561401
"5호선","신금호",107522.80602094,0,1,1,0,2539,5028.70394736842,5107.80263157895,"서울특별시 성동구 금호동2가 223-1 신금호역",127.020794,37.554468
"5호선","신길",494698.475,0,2,1,0,2526,2940.11842105263,3242.48684210526,"서울특별시 영등포구 영등포동1가 35 신길역",126.91419,37.51792
"5호선","신정",114794.375336572,0.333,1,2,1,2520,11171.3947368421,8700.91447368421,"서울특별시 양천구 신정동 1090 신정역",126.856181,37.524987
"5호선","아차산",153172.953555113,0.167,4,2,0,2546,12108.75,11889.3947368421,"서울특별시 광진구 능동 256-16 아차산역",127.0889706,37.5528109
"5호선","애오개",142158.385093168,0,1,0,0,2531,5634.24342105263,5649.41447368421,"서울특별시 마포구 아현동 612 애오개역",126.9567497,37.5536193
"5호선","여의나루",137869.293887139,0,0,2,0,2528,7701.93421052632,7960.5,"서울특별시 영등포구 여의도동 84-4 여의나루역",126.9328452,37.5267506
"5호선","여의도",133319.641006557,0.167,4,2,0,2527,19420.3289473684,20537.5,"서울특별시 영등포구 여의도동 3 여의도역",126.9244663,37.5217991
"5호선","영등포구청",156868.055032498,0,1,2,0,2524,3305.57236842105,3295.43421052632,"서울특별시 영등포구 당산동3가 556-1 영등포구청역",126.894287,37.5243614
"5호선","영등포시장",170555.09383378,0,0,1,0,2525,7660.03289473684,7926.8947368421,"서울특별시 영등포구 영등포동5가 62-1 영등포시장역",126.9051249,37.5225026
"5호선","오금",123201.059167275,0,1,0,0,2558,2885.84868421053,2862.44736842105,"서울특별시 송파구 오금동 44-2 오금역",127.1280374,37.5020632
"5호선","오목교",1492924.64362684,0,18,26,0,2522,18849.6315789474,20218.9539473684,"서울특별시 양천구 목동 406-30 오목교역",126.8743362,37.5246
"5호선","올림픽공원",156794.731182796,0,0,1,0,2556,3243.375,2869.50657894737,"서울특별시 송파구 방이동 89-28 올림픽공원역",127.1311068,37.5164494
"5호선","왕십리",76317.441819193,0.154,1,12,0,2541,3846.86184210526,4371.81578947368,"서울특별시 성동구 행당동 192 왕십리역",127.0372276,37.5622586
"5호선","우장산",128015.648972419,0.333,4,2,1,2517,11488.5657894737,11392.1842105263,"서울특별시 강서구 화곡동 1089-3 우장산역",126.836334,37.548783
"5호선","을지로4가",52096.4557528809,0,3,3,0,2536,4588.46710526316,4776.49342105263,"서울특별시 중구 을지로4가 192 을지로4가역",126.997631,37.56662
"5호선","장한평",133312.454412819,0,4,2,0,2544,14999.1315789474,14918.3092105263,"서울특별시 동대문구 장안동 472-3 장한평역",127.0644199,37.5614626
"5호선","종로3가",177214.1337704,0.333,2,1,1,2535,11021.9013157895,10883.2631578947,"서울특별시 종로구 낙원동 126 종로3가역",126.98953,37.57248
"5호선","천호",1037111.32380952,0,8,19,0,2548,15631.7828947368,16198.7631578947,"서울특별시 강동구 천호동 455 천호역",127.1250941,37.5384618
"5호선","청구",134260.643645826,0.25,2,2,1,2538,3343.05921052632,3003,"서울특별시 중구 신당동 295-2 청구역",127.01392,37.56008
"5호선","충정로",36899.8392025459,0,3,3,0,2532,3601.10526315789,3654.15789473684,"서울특별시 서대문구 충정로3가 248-1 충정로역",126.9635279,37.5611255
"5호선","행당",81030.3493552103,0,1,3,0,2540,6681.3552631579,5919.09210526316,"서울특별시 성동구 행당동 317-241 행당역",127.029637,37.557402
"5호선","화곡",294925.095173507,0.143,3,4,0,2518,24053.5460526316,22280.3026315789,"서울특별시 강서구 화곡동 1089-54 화곡역",126.8408434,37.5410793
"6호선","고려대",302941.257142857,0.8,1,4,1,2641,6434.52631578947,6187,"서울특별시 성북구 종암동 29-18 고려대역",127.035877,37.59041
"6호선","공덕",187159.346332335,0.4,7,8,1,2627,14558.4144736842,14230.9210526316,"서울특별시 마포구 공덕동 423-29 공덕역",126.9601939,37.5500918
"6호선","광흥창",136790.05,0.857,3,4,1,2625,7184.92763157895,6960.28947368421,"서울특별시 마포구 창전동 145-17 광흥창역",126.9319256,37.5474463
"6호선","구산",217191.86746988,0.8,1,4,1,2616,6152.57236842105,4570.8947368421,"서울특별시 은평구 구산동 1 구산역",126.9172389,37.6112095
"6호선","녹사평",217190.225,0,0,1,0,2630,4281.20394736842,4384.13157894737,"서울특별시 용산구 용산동 4가 4 녹사평역",126.9870163,37.5347919
"6호선","대흥",142758.609238481,0.333,1,2,1,2626,6482.44736842105,6729.33552631579,"서울특별시 마포구 대흥동 128-1 대흥역",126.94232,37.54783
"6호선","독바위",91377.1884984026,0.5,1,1,1,2614,2356.53289473684,2542.31578947368,"서울특별시 은평구 불광동 13-33 독바위역",126.933056,37.618397
"6호선","돌곶이",231184.788359788,0.857,3,4,1,2644,7389.25,6925.88157894737,"서울특별시 성북구 석관동 349-8 돌곶이역",127.0570138,37.6108113
"6호선","동묘앞",145159.354166667,0.8,2,3,1,2637,7080.67763157895,7097.46710526316,"서울특별시 종로구 창신동 263-2 동묘앞역",127.0162228,37.5733383
"6호선","디지털미디어시티",82223.3577610063,0.6,3,7,1,2619,10891.9934210526,11734.125,"서울특별시 은평구 수색동 37-36 디지털미디어시티역",126.9004205,37.5779636
"6호선","마포구청",227891.948717949,0.857,1,6,1,2621,11582.5263157895,10263.375,"서울특별시 마포구 성산동 592 마포구청역",126.9015161,37.5649979
"6호선","망원",161338.981221734,0.6,2,3,1,2622,11952.0789473684,13088.8552631579,"서울특별시 마포구 망원동 378 망원역",126.909907,37.5557572
"6호선","보문",130441.547720365,0.667,3,3,1,2639,6130.61184210526,5621.61842105263,"서울특별시 성북구 보문동 1가 127-1 보문역",127.0201782,37.5855633
"6호선","봉화산",147491.787234043,0.857,1,6,1,2648,7779.29605263158,7070.68421052632,"서울특별시 중랑구 신내동 643-1 봉화산역",127.0932784,37.6164431
"6호선","불광",28599.8972868217,0.667,2,4,1,2613,3952.5,3926.32236842105,"서울특별시 은평구 대조동 14-1 불광역",126.9292884,37.6104829
"6호선","삼각지",109772.759805426,0.75,3,5,1,2629,4807.23684210526,4086.94078947368,"서울특별시 용산구 한강로1가 228-1 삼각지역",126.9730142,37.5343935
"6호선","상수",297590.4,0.8,1,4,1,2624,7362.4802631579,8503.65789473684,"서울특별시 마포구 상수동 309-10 상수역",126.9226203,37.5466338
"6호선","상월곡",111955.130208333,0.75,0,4,1,2643,5081.31578947368,4491.83552631579,"서울특별시 성북구 상월곡동 26-1 상월곡역",127.048862,37.6066
"6호선","새절",192958.934437579,0.571,3,4,1,2617,10712.2302631579,10079.8157894737,"서울특별시 은평구 신사동 337-5 새절역",126.9132724,37.5910797
"6호선","석계",234664.899268751,0.833,2,10,1,2645,10514.6907894737,10666.8026315789,"서울특별시 노원구 월계동 25-2 석계역",127.0669139,37.615123
"6호선","신당",107358.957091143,0.429,3,4,1,2636,6730.33552631579,6968.56578947368,"서울특별시 중구 흥인동 162-1 신당역",127.0161118,37.567534
"6호선","안암",347394.597156398,0.875,6,2,1,2640,8306.61184210526,8355.06578947369,"서울특별시 성북구 안암동5가 146-1 안암역",127.0293623,37.586051
"6호선","약수",137201.662337662,0.8,0,5,1,2634,2992.53947368421,3035.75,"서울특별시 중구 신당동 369-2 약수역",127.0103572,37.5550173
"6호선","역촌",123481.492063492,0.75,1,3,1,2612,3130.96710526316,3616.55921052632,"서울특별시 은평구 녹번동 144-69 역촌역",126.9229527,37.6059994
"6호선","연신내",175489.499242685,0.167,4,2,0,2615,0,0,"서울특별시 은평구 갈현동 397 연신내역",126.9211376,37.6191237
"6호선","월곡",177362.816561196,0.714,4,3,1,2642,9526.84210526316,9255.71052631579,"서울특별시 성북구 하월곡동 35-1 월곡역",127.04153,37.601925
"6호선","월드컵경기장",99196.7906976744,0.667,0,3,1,2620,4167.49342105263,4334.36184210526,"서울특별시 마포구 성산동 420 월드컵경기장역",126.899058,37.569656
"6호선","응암",296741.710971167,0.667,3,3,1,2611,14537.1776315789,14334.7697368421,"서울특별시 은평구 역촌동 85-41 응암역",126.9155626,37.5986299
"6호선","이태원",460997.56,0.667,2,1,1,2631,10175.9539473684,11093.5394736842,"서울특별시 용산구 이태원동 119-23 이태원역",126.9946564,37.5345103
"6호선","증산",284144.642857143,0.8,3,2,1,2618,8516.21052631579,8236.80263157895,"서울특별시 은평구 증산동 199-8 증산역",126.9092563,37.5836921
"6호선","창신",96041.1428571429,0.8,1,4,1,2638,2818.71710526316,2258.28289473684,"서울특별시 종로구 창신동 20-8 창신역",127.0146945,37.5795663
"6호선","태릉입구",43702.4279465801,0.6,3,7,1,2646,4505.26315789474,5058.28289473684,"서울특별시 노원구 공릉동 616-4 태릉입구역",127.0751197,37.6191035
"6호선","한강진",205665.275,0.75,0,4,1,2632,6324.69078947368,7473.06578947368,"서울특별시 용산구 한남동 726-494 한강진역",127.00199,37.54072
"6호선","합정",259637.710574414,0.312,4,12,1,2623,11413.4868421053,11073.5855263158,"서울특별시 마포구 합정동 414 합정역",126.9134767,37.5489656
"6호선","화랑대",117701.669942197,0.571,4,3,1,2647,9330.34868421053,7198.65131578947,"서울특별시 노원구 공릉동 285-2 화랑대역",127.0838154,37.6201651
"6호선","효창공원앞",209095.325581395,0.833,2,4,1,2628,5677.32236842105,5075.22368421053,"서울특별시 용산구 효창동 80 효창공원앞역",126.961356,37.539298
"7호선","가산디지털단지",256906.146919176,0.4,1,4,1,2748,33833.2039473684,33894.0657894737,"서울특별시 금천구 가산동 54-3 가산디지털단지역",126.883016,37.481128
"7호선","강남구청",98407.6705174062,0.333,11,10,1,2732,12509.9605263158,14005.6447368421,"서울특별시 강남구 삼성동 111-44 강남구청역",127.041273,37.5171837
"7호선","건대입구",238445.40347143,0.625,4,4,1,2729,10993.0131578947,11684.9539473684,"서울특별시 광진구 화양동 6-3 건대입구역",127.069253,37.540397
"7호선","고속터미널",433623.741806702,0.211,7,12,0,2736,14084.2631578947,11601.8618421053,"서울특별시 서초구 반포동 19-11 고속터미널역",127.0049178,37.5047736
"7호선","공릉",145088.309280721,0.5,4,2,1,2718,9835.51315789474,9849.82236842105,"서울특별시 노원구 공릉동 385-4 공릉역",127.0728393,37.6258623
"7호선","광명사거리",210026.046668352,0.667,1,8,1,2750,20065.2039473684,19703.9342105263,"경기도 광명시 광명동 158-211 광명사거리역",126.8547139,37.4792784
"7호선","군자",164310.014896996,0.643,7,7,1,2727,12273.3552631579,9634.3947368421,"서울특별시 광진구 능동 275-5 군자역",127.079719,37.5569984
"7호선","굴포천",204160,0,0,1,0,2760,7276.11842105263,7638.66447368421,"인천광역시 부평구 삼산동 466 굴포천역",126.733071,37.507079
"7호선","까치울",173535.974358974,0,0,1,0,2753,6053.6052631579,5789.58552631579,"경기도 부천시 원미구 춘의동 3-1 까치울역",126.8011495,37.5060988
"7호선","남구로",250324.324324324,0.833,2,4,1,2747,12740.5394736842,13426.2763157895,"서울특별시 구로구 구로동 801-95 남구로역",126.8872862,37.4851265
"7호선","남성",216317.127071823,0.8,2,3,1,2739,9254.17763157895,8600.71710526316,"서울특별시 동작구 사당동 산 25-33 남성역",126.970673,37.484876
"7호선","내방",153169.2404631,0.5,3,3,1,2737,11197.3223684211,11491.1513157895,"서울특별시 서초구 방배동 874-16 내방역",126.99286,37.48763
"7호선","노원",379292.940291048,0.182,8,14,0,2715,16665.3223684211,17758.125,"서울특별시 노원구 상계동 729-0 노원역",127.060551,37.654527
"7호선","논현",163423.706587478,0.625,5,11,1,2734,16087.2565789474,17680.2171052632,"서울특별시 강남구 논현동 280 논현역",127.0218283,37.5106484
"7호선","대림",303922.967083532,0.333,5,7,1,2746,6807.8947368421,6753.57236842105,"서울특별시 구로구 대림동 1050-17 대림역",126.8966027,37.4927052
"7호선","뚝섬유원지",176058.882569421,0,1,0,0,2730,7319.375,7271.22368421053,"서울특별시 광진구 자양동 73-2 뚝섬유원지역",127.066708,37.531544
"7호선","마들",60907.6935467633,0.3,2,18,1,2714,9770.55921052631,9232.26315789474,"서울특별시 노원구 상계동 650 마들역",127.0569843,37.6675895
"7호선","먹골",253563.986874487,0.875,1,7,1,2720,8662.18421052631,8394.09868421053,"서울특별시 중랑구 묵동 189-5 먹골역",127.07774,37.60965
"7호선","면목",146436.901100901,0.438,6,10,1,2723,12914.5789473684,12489.4473684211,"서울특별시 중랑구 면목동 282-6 면목역",127.0873411,37.5891527
"7호선","반포",91401.4157491114,0.308,6,7,1,2735,4985.93421052632,4846.61184210526,"서울특별시 서초구 잠원동 103 반포역",127.01151,37.50796
"7호선","보라매",228758.52066715,0.75,2,2,1,2744,7783.65789473684,7742.65131578947,"서울특별시 동작구 대방동 466-51 보라매역",126.9205715,37.4998737
"7호선","부천시청",174153.621601501,0,3,1,0,2757,9926.09868421053,9809.36842105263,"경기도 부천시 원미구 중동 1243 부천시청역",126.7640247,37.5045522
"7호선","부천종합운동장",155671.982758621,0,0,1,0,2754,3806.65131578947,3278.50657894737,"경기도 부천시 원미구 춘의동 15-1 부천종합운동장역",126.797498,37.505452
"7호선","부평구청",107109.834253294,0,0,2,0,2761,9501.98684210526,7743.49342105263,"인천광역시 부평구 갈산동 193-45 부평구청역",126.72091,37.508073
"7호선","사가정",314849.987965976,0.364,4,7,1,2724,13253.9539473684,13182.5855263158,"서울특별시 중랑구 면목동 495 사가정역",127.0843345,37.5817877
"7호선","삼산체육관",206711.972972973,0,0,1,0,2759,3906.19078947368,3494.15131578947,"인천광역시 부평구 삼산동 466 삼산체육관역",126.7368787,37.5068138
"7호선","상도",167088.310835868,0.6,2,3,1,2741,8612.86842105263,8219.88157894737,"서울특별시 동작구 상도1동 702-1 상도역",126.9476764,37.5028025
"7호선","상동",303811.417420276,0,0,2,0,2758,10796.0065789474,11074,"경기도 부천시 원미구 상동 633 상동역",126.753163,37.505814
"7호선","상봉",200863.188264607,0.75,0,8,1,2722,14500.5986842105,13711.7631578947,"서울특별시 중랑구 상봉동 160-7 상봉역",127.0843699,37.5959947
"7호선","수락산",73896.1008961739,0.6,0,10,1,2713,10869.2697368421,10823.8157894737,"서울특별시 노원구 상계동 1132-9 수락산역",127.0553068,37.6771548
"7호선","숭실대입구",94108.9747245344,0.25,3,5,1,2740,9840.07236842105,9829.63157894737,"서울특별시 동작구 상도동 514 숭실대입구역",126.95395,37.49567
"7호선","신대방삼거리",123536.694502967,0.75,2,10,1,2743,13583.3947368421,12955.7434210526,"서울특별시 동작구 대방동 406-10 신대방삼거리역",126.92836,37.49952
"7호선","신중동",313896,0.5,0,2,1,2756,11669.0855263158,11632.5065789474,"경기도 부천시 원미구 중동 1140-6 신중동역",126.7762146,37.501902
"7호선","신풍",160458.257160268,0.778,4,5,1,2745,9308.74342105263,8897.18421052631,"서울특별시 영등포구 신길동 3599 신풍역",126.9094236,37.5002786
"7호선","어린이대공원",354848.876404494,0.917,3,9,1,2728,9784.44736842105,9608.54605263158,"서울특별시 광진구 화양동 164-1 어린이대공원역",127.0739401,37.5471129
"7호선","온수",185808.500278365,0.625,3,5,1,2752,8277.83552631579,7803.69078947368,"서울특별시 구로구 온수동 53-1 온수역",126.823042,37.492097
"7호선","용마산",176068.75,0.857,1,6,1,2725,5063.88157894737,4857.05263157895,"서울특별시 중랑구 면목동 1382-13 용마산역",127.086818,37.573793
"7호선","이수",164149.968790351,0.696,9,14,1,2738,13400.8486842105,13178.1381578947,"서울특별시 동작구 사당동 144-4 이수역",126.980963,37.4849508
"7호선","장승배기",151266.925507597,0.714,0,7,1,2742,8448.61184210526,8180.05921052632,"서울특별시 동작구 상도동 26-20 장승배기역",126.9385948,37.5045422
"7호선","중계",157356.178006132,0.8,4,6,1,2716,11927.0657894737,10710.0197368421,"서울특별시 노원구 중계동 503-3 중계역",127.0652144,37.6425631
"7호선","중곡",170534.41410694,0.75,1,3,1,2726,8118.09868421053,7563.30263157895,"서울특별시 광진구 중곡동 273-2 중곡역",127.084086,37.565535
"7호선","중화",225066.104230618,0.5,4,10,1,2721,9356.21710526316,9043.23684210526,"서울특별시 중랑구 중화동 50-3 중화역",127.079416,37.601757
"7호선","천왕",84091.3063180339,0,0,2,0,2751,8105.69736842105,7462.86842105263,"서울특별시 구로구 오류동 174-6 천왕역",126.838681,37.486686
"7호선","철산",509684.421378494,0,2,4,0,2749,18295.4276315789,18786.5460526316,"경기도 광명시 철산동 526 철산역",126.8679003,37.4760554
"7호선","청담",111489.449101328,0.706,2,15,1,2731,15661.1578947368,17476.6776315789,"서울특별시 강남구 청담동 77-76 청담역",127.0520336,37.5191066
"7호선","춘의",173535.984848485,0,0,1,0,2755,7448.69736842105,7260.21052631579,"경기도 부천시 원미구 춘의동 145 춘의역",126.786654,37.504668
"7호선","태릉입구",183709.421367919,0.727,3,8,1,2719,6892.69078947368,6361.86184210526,"서울특별시 노원구 공릉동 616-4 태릉입구역",127.0751197,37.6191035
"7호선","하계",201567.831382916,0.7,3,7,1,2717,14694.2697368421,13808.8684210526,"서울특별시 노원구 하계동 273-5 하계역",127.0685438,37.6351911
"7호선","학동",148450.818903022,0.533,7,8,1,2733,17980.8881578947,19404.1381578947,"서울특별시 강남구 논현동 279-67 학동역",127.021728,37.511206
"8호선","가락시장",108906.104344419,0.429,3,4,1,2818,6546.15131578947,7419.84210526316,"서울특별시 송파구 가락동 184-23 가락시장역",127.11801,37.49297
"8호선","강동구청",135579.723613516,0.25,1,3,1,2813,8391.75657894737,8642.92105263158,"서울특별시 강동구 성내동 319 강동구청역",127.1205399,37.5304447
"8호선","남한산성입구",134091.415593884,0.167,2,4,0,2823,10926.2631578947,9814.80263157895,"경기도 성남시 수정구 단대동 96 남한산성입구역",127.1597885,37.4515319
"8호선","단대오거리",155455.8234195,0.5,2,4,1,2824,8549.77631578947,8140.38815789474,"경기도 성남시 수정구 신흥동 2467 단대오거리역",127.1463494,37.4407489
"8호선","모란",116621.4,0,0,1,0,2827,3886.60526315789,2991.25,"경기도 성남시 수정구 수진동 4808 모란역",127.1295588,37.4340198
"8호선","몽촌토성",207997.722222222,0,0,1,0,2814,4476.19736842105,4707.96052631579,"서울특별시 송파구 신천동 19 몽촌토성역",127.113083,37.518545
"8호선","문정",185085.033333333,0,1,0,0,2819,15879.4342105263,16547.3618421053,"서울특별시 송파구 문정동 119-4 문정역",127.1211404,37.4881176
"8호선","복정",178224.96,0,0,1,0,2821,8387.6052631579,7185.01315789474,"서울특별시 송파구 장지동 596-21 복정역",127.126685,37.470375
"8호선","산성",203881.666666667,0,1,0,0,2822,4479.82894736842,4398.81578947368,"경기도 성남시 수정구 신흥동 7-4 산성역",127.1499344,37.4564866
"8호선","석촌",170361.824561404,0,1,1,0,2816,6342.55921052632,7365.28289473684,"서울특별시 송파구 석촌동 209 석촌역",127.10733,37.50468
"8호선","송파",117211.402262562,0,2,0,0,2817,7182.9802631579,6847.30921052632,"서울특별시 송파구 가락동 459-4 송파역",127.112201,37.499739
"8호선","수진",139396.875,0,0,1,0,2826,4374.52631578947,3995.31578947368,"경기도 성남시 수정구 수진동 2205-1 수진역",127.1404296,37.4377757
"8호선","신흥",153117.05,0,0,1,0,2825,3925.36184210526,4202.25,"경기도 성남시 수정구 신흥동 2467 신흥역",127.1463494,37.4407489
"8호선","암사",181738.919761547,0,2,3,0,2811,15280.6776315789,13525.1381578947,"서울특별시 강동구 암사동 501 암사역",127.1281759,37.5511435
"8호선","잠실",677998.947570754,0,12,14,0,2815,12033.4934210526,13692.2171052632,"서울특별시 송파구 잠실동 7-4 잠실역",127.1042019,37.5149545
"8호선","장지",323658.693181818,0.667,1,2,1,2820,14248.8421052632,13649.3815789474,"서울특별시 송파구 장지동 201-5 장지역",127.1196635,37.4873579
